{
	"class_name" : "PinholeCameraParameters",
	"extrinsic" : 
	[
		0.99916022499454582,
		-0.010795954845901713,
		0.039525841519364585,
		0.0,
		0.029329195098891783,
		0.86207002176152248,
		-0.50593979473346373,
		0.0,
		-0.028611939880053863,
		0.50667418025695121,
		0.86166271357024993,
		0.0,
		0.01878265099539031,
		-0.28890221061477561,
		0.096450960344624595,
		1.0
	],
	"intrinsic" : 
	{
		"height" : 600,
		"intrinsic_matrix" : 
		[
			519.6152422706632,
			0.0,
			0.0,
			0.0,
			519.6152422706632,
			0.0,
			399.5,
			299.5,
			1.0
		],
		"width" : 800
	},
	"version_major" : 1,
	"version_minor" : 0
}